localdate,localdate,localdate,string,enum,users,course,
Enrol Year,Enrol Month,Enrol Day,grades,enrolmentstatus,student,course,courseStatus
2019,12,13,F,ACCEPTED,50,1,COMPLETED
2019,12,15,F,ACCEPTED,52,2,COMPLETED
2019,12,13,A-,ACCEPTED,78,3,COMPLETED
2019,12,11,C,ACCEPTED,80,4,COMPLETED
2019,12,9,C,ACCEPTED,80,5,COMPLETED
2019,12,12,C,ACCEPTED,97,6,COMPLETED
2019,12,16,A+,ACCEPTED,29,7,COMPLETED
2019,12,9,A+,ACCEPTED,98,8,COMPLETED
2019,12,13,C,ACCEPTED,66,9,COMPLETED
2019,12,15,C,ACCEPTED,5,10,COMPLETED
2019,12,8,A-,ACCEPTED,72,11,COMPLETED
2019,12,8,A-,ACCEPTED,5,12,COMPLETED
2019,12,15,D+,ACCEPTED,13,13,COMPLETED
2020,6,6,A+,ACCEPTED,18,14,COMPLETED
2020,6,16,C,ACCEPTED,59,15,COMPLETED
2020,6,14,A,ACCEPTED,68,16,COMPLETED
2020,6,15,B+,ACCEPTED,88,17,COMPLETED
2020,6,14,B+,ACCEPTED,88,18,COMPLETED
2020,6,6,B+,ACCEPTED,73,19,COMPLETED
2020,6,13,B+,ACCEPTED,46,20,COMPLETED
2020,6,12,A-,ACCEPTED,15,21,COMPLETED
2020,6,16,C,ACCEPTED,51,22,COMPLETED
2020,6,7,D+,ACCEPTED,35,23,COMPLETED
2020,6,6,F,ACCEPTED,19,24,COMPLETED
2020,6,8,A+,ACCEPTED,87,25,COMPLETED
2020,6,6,C,ACCEPTED,52,26,COMPLETED
2020,12,12,C+,ACCEPTED,65,27,COMPLETED
2020,12,9,F,ACCEPTED,68,28,COMPLETED
2020,12,14,D+,ACCEPTED,84,29,COMPLETED
2020,12,15,C,ACCEPTED,97,30,COMPLETED
2020,12,17,A-,ACCEPTED,7,31,COMPLETED
2020,12,14,B+,ACCEPTED,64,32,COMPLETED
2020,12,16,B-,ACCEPTED,68,33,COMPLETED
2020,12,7,B+,ACCEPTED,29,34,COMPLETED
2020,12,11,B+,ACCEPTED,81,35,COMPLETED
2020,12,7,B+,ACCEPTED,38,36,COMPLETED
2020,12,16,A-,ACCEPTED,51,37,COMPLETED
2020,12,7,A-,ACCEPTED,38,38,COMPLETED
2020,12,13,B+,ACCEPTED,26,39,COMPLETED
2019,12,15,A,ACCEPTED,41,1,COMPLETED
2019,12,14,A+,ACCEPTED,17,2,COMPLETED
2019,12,13,D+,ACCEPTED,53,3,COMPLETED
2019,12,16,C,ACCEPTED,71,4,COMPLETED
2019,12,17,B+,ACCEPTED,93,5,COMPLETED
2019,12,8,D+,ACCEPTED,77,6,COMPLETED
2019,12,14,A-,ACCEPTED,87,7,COMPLETED
2019,12,7,C+,ACCEPTED,44,8,COMPLETED
2019,12,7,B+,ACCEPTED,68,9,COMPLETED
2019,12,15,B-,ACCEPTED,29,10,COMPLETED
2019,12,11,D,ACCEPTED,83,11,COMPLETED
2019,12,7,D,ACCEPTED,66,12,COMPLETED
2019,12,12,B-,ACCEPTED,18,13,COMPLETED
2020,6,14,C,ACCEPTED,93,14,COMPLETED
2020,6,7,A+,ACCEPTED,77,15,COMPLETED
2020,6,12,D+,ACCEPTED,67,16,COMPLETED
2020,6,11,C,ACCEPTED,23,17,COMPLETED
2020,6,12,D,ACCEPTED,47,19,COMPLETED
2020,6,11,A,ACCEPTED,87,20,COMPLETED
2020,6,10,D+,ACCEPTED,64,21,COMPLETED
2020,6,12,C+,ACCEPTED,9,22,COMPLETED
2020,6,7,C+,ACCEPTED,54,23,COMPLETED
2020,6,15,B+,ACCEPTED,66,24,COMPLETED
2020,6,9,D,ACCEPTED,39,25,COMPLETED
2020,6,16,B+,ACCEPTED,59,26,COMPLETED
2020,12,13,D,ACCEPTED,31,27,COMPLETED
2020,12,17,D+,ACCEPTED,33,28,COMPLETED
2020,12,9,D+,ACCEPTED,59,29,COMPLETED
2020,12,13,B+,ACCEPTED,16,30,COMPLETED
2020,12,16,B+,ACCEPTED,32,31,COMPLETED
2020,12,10,D,ACCEPTED,86,32,COMPLETED
2020,12,17,C+,ACCEPTED,88,33,COMPLETED
2020,12,10,C,ACCEPTED,50,34,COMPLETED
2020,12,12,B+,ACCEPTED,53,35,COMPLETED
2020,12,9,C+,ACCEPTED,58,36,COMPLETED
2020,12,9,C+,ACCEPTED,85,37,COMPLETED
2020,12,9,D+,ACCEPTED,77,38,COMPLETED
2020,12,12,A-,ACCEPTED,38,39,COMPLETED
2019,12,13,A,ACCEPTED,87,1,COMPLETED
2019,12,15,B-,ACCEPTED,97,2,COMPLETED
2019,12,15,B-,ACCEPTED,17,3,COMPLETED
2019,12,16,F,ACCEPTED,40,4,COMPLETED
2019,12,14,B+,ACCEPTED,13,5,COMPLETED
2019,12,8,A-,ACCEPTED,64,6,COMPLETED
2019,12,10,C,ACCEPTED,66,7,COMPLETED
2019,12,12,B+,ACCEPTED,5,8,COMPLETED
2019,12,10,C+,ACCEPTED,85,9,COMPLETED
2019,12,13,C,ACCEPTED,8,10,COMPLETED
2019,12,13,B+,ACCEPTED,12,11,COMPLETED
2019,12,7,C,ACCEPTED,4,12,COMPLETED
2019,12,8,A-,ACCEPTED,23,13,COMPLETED
2020,6,16,A,ACCEPTED,30,14,COMPLETED
2020,6,8,D,ACCEPTED,65,15,COMPLETED
2020,6,15,C+,ACCEPTED,88,16,COMPLETED
2020,6,15,A+,ACCEPTED,70,17,COMPLETED
2020,6,12,A-,ACCEPTED,81,18,COMPLETED
2020,6,15,A-,ACCEPTED,71,19,COMPLETED
2020,6,14,B-,ACCEPTED,61,20,COMPLETED
2020,6,15,C+,ACCEPTED,83,21,COMPLETED
2020,6,15,B+,ACCEPTED,98,22,COMPLETED
2020,6,8,A+,ACCEPTED,45,23,COMPLETED
2020,6,10,A+,ACCEPTED,33,24,COMPLETED
2020,6,7,B+,ACCEPTED,23,25,COMPLETED
2020,6,10,D,ACCEPTED,33,26,COMPLETED
2020,12,10,B+,ACCEPTED,42,27,COMPLETED
2020,12,12,A+,ACCEPTED,92,28,COMPLETED
2020,12,14,A-,ACCEPTED,85,29,COMPLETED
2020,12,14,D+,ACCEPTED,70,30,COMPLETED
2020,12,14,D,ACCEPTED,75,31,COMPLETED
2020,12,10,B+,ACCEPTED,59,32,COMPLETED
2020,12,11,A+,ACCEPTED,25,33,COMPLETED
2020,12,13,C,ACCEPTED,74,34,COMPLETED
2020,12,7,C+,ACCEPTED,55,35,COMPLETED
2020,12,13,B+,ACCEPTED,10,36,COMPLETED
2020,12,7,F,ACCEPTED,21,37,COMPLETED
2020,12,7,F,ACCEPTED,42,38,COMPLETED
2020,12,10,A+,ACCEPTED,41,39,COMPLETED
2019,12,17,D,ACCEPTED,55,1,COMPLETED
2019,12,7,B+,ACCEPTED,76,2,COMPLETED
2019,12,13,B+,ACCEPTED,83,3,COMPLETED
2019,12,14,D+,ACCEPTED,46,4,COMPLETED
2019,12,17,D,ACCEPTED,28,5,COMPLETED
2019,12,8,B+,ACCEPTED,48,6,COMPLETED
2019,12,16,C+,ACCEPTED,84,7,COMPLETED
2019,12,10,B+,ACCEPTED,46,8,COMPLETED
2019,12,14,F,ACCEPTED,15,9,COMPLETED
2019,12,14,A-,ACCEPTED,17,10,COMPLETED
2019,12,16,A+,ACCEPTED,28,11,COMPLETED
2019,12,13,A+,ACCEPTED,11,12,COMPLETED
2019,12,17,B-,ACCEPTED,63,13,COMPLETED
2020,6,9,D,ACCEPTED,36,14,COMPLETED
2020,6,10,D+,ACCEPTED,42,15,COMPLETED
2020,6,9,D,ACCEPTED,62,16,COMPLETED
2020,6,6,B+,ACCEPTED,52,17,COMPLETED
2020,6,7,C+,ACCEPTED,69,18,COMPLETED
2020,6,10,A+,ACCEPTED,38,19,COMPLETED
2020,6,9,A-,ACCEPTED,51,20,COMPLETED
2020,6,16,A-,ACCEPTED,87,21,COMPLETED
2020,6,12,C+,ACCEPTED,58,22,COMPLETED
2020,6,15,B+,ACCEPTED,34,23,COMPLETED
2020,6,14,F,ACCEPTED,30,24,COMPLETED
2020,6,8,A,ACCEPTED,31,25,COMPLETED
2020,6,6,D,ACCEPTED,47,26,COMPLETED
2020,12,7,A-,ACCEPTED,62,27,COMPLETED
2020,12,9,A,ACCEPTED,56,28,COMPLETED
2020,12,14,B+,ACCEPTED,18,29,COMPLETED
2020,12,17,F,ACCEPTED,22,30,COMPLETED
2020,12,9,B+,ACCEPTED,85,31,COMPLETED
2020,12,16,C,ACCEPTED,65,32,COMPLETED
2020,12,16,D+,ACCEPTED,34,33,COMPLETED
2020,12,8,A-,ACCEPTED,39,34,COMPLETED
2020,12,11,D+,ACCEPTED,29,35,COMPLETED
2020,12,13,B+,ACCEPTED,20,36,COMPLETED
2020,12,8,C+,ACCEPTED,26,37,COMPLETED
2020,12,12,B+,ACCEPTED,39,38,COMPLETED
2020,12,14,F,ACCEPTED,30,39,COMPLETED
2019,12,11,C+,ACCEPTED,81,1,COMPLETED
2019,12,15,C+,ACCEPTED,89,2,COMPLETED
2019,12,14,C+,ACCEPTED,72,3,COMPLETED
2019,12,17,F,ACCEPTED,26,4,COMPLETED
2019,12,15,A,ACCEPTED,71,5,COMPLETED
2019,12,13,B-,ACCEPTED,25,6,COMPLETED
2019,12,12,B+,ACCEPTED,39,7,COMPLETED
2019,12,14,A,ACCEPTED,48,8,COMPLETED
2019,12,10,B+,ACCEPTED,21,9,COMPLETED
2019,12,10,A-,ACCEPTED,64,10,COMPLETED
2019,12,14,B+,ACCEPTED,36,11,COMPLETED
2019,12,15,B+,ACCEPTED,87,12,COMPLETED
2019,12,7,A-,ACCEPTED,9,13,COMPLETED
2020,6,12,B+,ACCEPTED,73,14,COMPLETED
2020,6,8,C+,ACCEPTED,80,15,COMPLETED
2020,6,6,A,ACCEPTED,42,17,COMPLETED
2020,6,11,D+,ACCEPTED,6,18,COMPLETED
2020,6,6,F,ACCEPTED,22,19,COMPLETED
2020,6,15,B-,ACCEPTED,98,21,COMPLETED
2020,6,15,A+,ACCEPTED,74,22,COMPLETED
2020,6,12,D+,ACCEPTED,96,23,COMPLETED
2020,6,11,D,ACCEPTED,8,24,COMPLETED
2020,6,8,B+,ACCEPTED,40,25,COMPLETED
2020,6,9,A,ACCEPTED,96,26,COMPLETED
2020,12,8,B-,ACCEPTED,30,27,COMPLETED
2020,12,12,B+,ACCEPTED,37,28,COMPLETED
2020,12,10,C,ACCEPTED,68,29,COMPLETED
2020,12,10,D+,ACCEPTED,10,30,COMPLETED
2020,12,15,C+,ACCEPTED,46,31,COMPLETED
2020,12,10,C+,ACCEPTED,73,32,COMPLETED
2020,12,16,D+,ACCEPTED,56,33,COMPLETED
2020,12,7,A,ACCEPTED,55,34,COMPLETED
2020,12,9,F,ACCEPTED,39,35,COMPLETED
2020,12,10,C,ACCEPTED,11,36,COMPLETED
2020,12,14,B+,ACCEPTED,30,37,COMPLETED
2020,12,9,C,ACCEPTED,91,38,COMPLETED
2020,12,16,A-,ACCEPTED,55,39,COMPLETED
2019,12,9,A-,ACCEPTED,51,1,COMPLETED
2019,12,12,F,ACCEPTED,73,2,COMPLETED
2019,12,11,A,ACCEPTED,38,3,COMPLETED
2019,12,15,A,ACCEPTED,14,4,COMPLETED
2019,12,15,A+,ACCEPTED,67,6,COMPLETED
2019,12,9,B-,ACCEPTED,47,7,COMPLETED
2019,12,16,D,ACCEPTED,31,8,COMPLETED
2019,12,7,A,ACCEPTED,90,9,COMPLETED
2019,12,7,B-,ACCEPTED,36,10,COMPLETED
2019,12,8,A-,ACCEPTED,74,11,COMPLETED
2019,12,17,A-,ACCEPTED,9,12,COMPLETED
2019,12,17,A,ACCEPTED,8,13,COMPLETED
2020,6,10,C+,ACCEPTED,96,14,COMPLETED
2020,6,7,D+,ACCEPTED,32,15,COMPLETED
2020,6,16,D,ACCEPTED,16,16,COMPLETED
2020,6,10,B-,ACCEPTED,49,17,COMPLETED
2020,6,9,C+,ACCEPTED,44,18,COMPLETED
2020,6,13,D,ACCEPTED,33,19,COMPLETED
2020,6,15,D,ACCEPTED,22,20,COMPLETED
2020,6,13,D+,ACCEPTED,59,21,COMPLETED
2020,6,10,D+,ACCEPTED,78,22,COMPLETED
2020,6,11,A,ACCEPTED,68,23,COMPLETED
2020,6,12,D+,ACCEPTED,21,24,COMPLETED
2020,6,9,C+,ACCEPTED,16,26,COMPLETED
2020,12,15,A-,ACCEPTED,99,27,COMPLETED
2020,12,8,A+,ACCEPTED,45,28,COMPLETED
2020,12,10,A,ACCEPTED,94,29,COMPLETED
2020,12,11,C,ACCEPTED,52,30,COMPLETED
2020,12,15,A+,ACCEPTED,83,31,COMPLETED
2020,12,10,A-,ACCEPTED,9,32,COMPLETED
2020,12,14,D,ACCEPTED,32,33,COMPLETED
2020,12,13,B+,ACCEPTED,73,34,COMPLETED
2020,12,12,B-,ACCEPTED,74,35,COMPLETED
2020,12,15,F,ACCEPTED,15,36,COMPLETED
2020,12,10,D+,ACCEPTED,31,37,COMPLETED
2020,12,17,A+,ACCEPTED,13,38,COMPLETED
2020,12,14,F,ACCEPTED,87,39,COMPLETED
2019,12,11,D+,ACCEPTED,19,1,COMPLETED
2019,12,11,C,ACCEPTED,48,2,COMPLETED
2019,12,15,C+,ACCEPTED,15,3,COMPLETED
2019,12,17,D,ACCEPTED,60,4,COMPLETED
2019,12,13,A-,ACCEPTED,30,5,COMPLETED
2019,12,11,B-,ACCEPTED,8,6,COMPLETED
2019,12,15,F,ACCEPTED,7,7,COMPLETED
2019,12,14,D,ACCEPTED,81,8,COMPLETED
2019,12,8,D+,ACCEPTED,8,9,COMPLETED
2019,12,16,A+,ACCEPTED,16,10,COMPLETED
2019,12,10,C+,ACCEPTED,76,11,COMPLETED
2019,12,14,B-,ACCEPTED,99,12,COMPLETED
2019,12,17,A-,ACCEPTED,77,13,COMPLETED
2020,6,15,B+,ACCEPTED,26,14,COMPLETED
2020,6,10,C+,ACCEPTED,53,15,COMPLETED
2020,6,10,A-,ACCEPTED,14,16,COMPLETED
2020,6,9,A-,ACCEPTED,4,17,COMPLETED
2020,6,9,C,ACCEPTED,96,18,COMPLETED
2020,6,13,A,ACCEPTED,21,19,COMPLETED
2020,6,8,C+,ACCEPTED,90,20,COMPLETED
2020,6,12,A+,ACCEPTED,11,21,COMPLETED
2020,6,16,D,ACCEPTED,39,22,COMPLETED
2020,6,6,C+,ACCEPTED,31,23,COMPLETED
2020,6,15,B-,ACCEPTED,68,24,COMPLETED
2020,6,15,F,ACCEPTED,41,25,COMPLETED
2020,6,16,D,ACCEPTED,14,26,COMPLETED
2020,12,17,A-,ACCEPTED,53,27,COMPLETED
2020,12,7,B+,ACCEPTED,77,28,COMPLETED
2020,12,8,B-,ACCEPTED,61,29,COMPLETED
2020,12,15,D+,ACCEPTED,49,30,COMPLETED
2020,12,7,A,ACCEPTED,22,31,COMPLETED
2020,12,15,A+,ACCEPTED,44,32,COMPLETED
2020,12,14,B-,ACCEPTED,33,33,COMPLETED
2020,12,10,C+,ACCEPTED,54,34,COMPLETED
2020,12,10,A+,ACCEPTED,64,36,COMPLETED
2020,12,9,A+,ACCEPTED,18,37,COMPLETED
2020,12,11,D+,ACCEPTED,51,38,COMPLETED
2020,12,16,D+,ACCEPTED,14,39,COMPLETED
2019,12,15,B+,ACCEPTED,100,1,COMPLETED
2019,12,11,D,ACCEPTED,36,2,COMPLETED
2019,12,8,F,ACCEPTED,32,3,COMPLETED
2019,12,11,D+,ACCEPTED,53,4,COMPLETED
2019,12,8,B+,ACCEPTED,62,5,COMPLETED
2019,12,17,A+,ACCEPTED,81,6,COMPLETED
2019,12,13,C+,ACCEPTED,42,7,COMPLETED
2019,12,12,C+,ACCEPTED,55,8,COMPLETED
2019,12,12,A,ACCEPTED,91,9,COMPLETED
2019,12,9,D+,ACCEPTED,27,10,COMPLETED
2019,12,9,B-,ACCEPTED,94,11,COMPLETED
2019,12,15,B+,ACCEPTED,42,12,COMPLETED
2019,12,7,A,ACCEPTED,34,13,COMPLETED
2020,6,11,B-,ACCEPTED,59,14,COMPLETED
2020,6,9,F,ACCEPTED,95,15,COMPLETED
2020,6,9,A,ACCEPTED,73,16,COMPLETED
2020,6,8,D,ACCEPTED,67,18,COMPLETED
2020,6,8,B+,ACCEPTED,30,19,COMPLETED
2020,6,12,D+,ACCEPTED,34,20,COMPLETED
2020,6,13,A,ACCEPTED,67,21,COMPLETED
2020,6,7,A,ACCEPTED,13,22,COMPLETED
2020,6,10,C+,ACCEPTED,29,23,COMPLETED
2020,6,13,A-,ACCEPTED,99,24,COMPLETED
2020,6,9,A-,ACCEPTED,34,25,COMPLETED
2020,6,8,A+,ACCEPTED,70,26,COMPLETED
2020,12,7,B+,ACCEPTED,97,27,COMPLETED
2020,12,11,B-,ACCEPTED,35,28,COMPLETED
2020,12,12,A-,ACCEPTED,32,29,COMPLETED
2020,12,11,A-,ACCEPTED,56,30,COMPLETED
2020,12,11,D+,ACCEPTED,65,31,COMPLETED
2020,12,13,B+,ACCEPTED,79,32,COMPLETED
2020,12,7,C,ACCEPTED,9,33,COMPLETED
2020,12,8,C+,ACCEPTED,79,34,COMPLETED
2020,12,7,C,ACCEPTED,87,35,COMPLETED
2020,12,15,A+,ACCEPTED,19,36,COMPLETED
2020,12,8,A-,ACCEPTED,67,37,COMPLETED
2020,12,9,B-,ACCEPTED,81,38,COMPLETED
2020,12,16,B+,ACCEPTED,44,39,COMPLETED
2019,12,11,D+,ACCEPTED,30,1,COMPLETED
2019,12,16,D,ACCEPTED,9,3,COMPLETED
2019,12,15,C+,ACCEPTED,11,4,COMPLETED
2019,12,8,B-,ACCEPTED,85,5,COMPLETED
2019,12,12,A+,ACCEPTED,79,6,COMPLETED
2019,12,13,D,ACCEPTED,45,7,COMPLETED
2019,12,9,B-,ACCEPTED,22,8,COMPLETED
2019,12,16,C,ACCEPTED,100,9,COMPLETED
2019,12,13,D+,ACCEPTED,17,11,COMPLETED
2019,12,17,F,ACCEPTED,47,12,COMPLETED
2019,12,10,F,ACCEPTED,99,13,COMPLETED
2020,6,6,D+,ACCEPTED,88,14,COMPLETED
2020,6,7,C,ACCEPTED,52,15,COMPLETED
2020,6,15,B+,ACCEPTED,52,16,COMPLETED
2020,6,13,A+,ACCEPTED,19,17,COMPLETED
2020,6,12,D+,ACCEPTED,29,18,COMPLETED
2020,6,6,A+,ACCEPTED,91,19,COMPLETED
2020,6,7,A+,ACCEPTED,5,20,COMPLETED
2020,6,14,C+,ACCEPTED,80,21,COMPLETED
2020,6,13,B+,ACCEPTED,92,22,COMPLETED
2020,6,13,A+,ACCEPTED,62,23,COMPLETED
2020,6,7,B+,ACCEPTED,10,24,COMPLETED
2020,6,7,F,ACCEPTED,72,26,COMPLETED
2020,12,15,A+,ACCEPTED,63,27,COMPLETED
2020,12,15,F,ACCEPTED,17,28,COMPLETED
2020,12,15,D,ACCEPTED,64,29,COMPLETED
2020,12,17,B-,ACCEPTED,74,30,COMPLETED
2020,12,17,A+,ACCEPTED,38,32,COMPLETED
2020,12,12,C,ACCEPTED,57,33,COMPLETED
2020,12,15,C,ACCEPTED,84,35,COMPLETED
2020,12,13,C+,ACCEPTED,24,36,COMPLETED
2020,12,17,C+,ACCEPTED,25,37,COMPLETED
2020,12,14,B+,ACCEPTED,50,38,COMPLETED
2020,12,15,D,ACCEPTED,79,39,COMPLETED
2019,12,16,F,ACCEPTED,74,1,COMPLETED
2019,12,16,B+,ACCEPTED,43,2,COMPLETED
2019,12,7,C,ACCEPTED,20,4,COMPLETED
2019,12,8,A+,ACCEPTED,94,5,COMPLETED
2019,12,17,C,ACCEPTED,38,6,COMPLETED
2019,12,11,A,ACCEPTED,55,7,COMPLETED
2019,12,11,A,ACCEPTED,30,9,COMPLETED
2019,12,10,D+,ACCEPTED,41,10,COMPLETED
2019,12,8,A-,ACCEPTED,41,11,COMPLETED
2019,12,15,A+,ACCEPTED,85,12,COMPLETED
2019,12,10,C,ACCEPTED,4,13,COMPLETED
2020,6,15,B+,ACCEPTED,77,14,COMPLETED
2020,6,6,A-,ACCEPTED,101,16,COMPLETED
2020,6,7,A-,ACCEPTED,7,17,COMPLETED
2020,6,12,D+,ACCEPTED,22,18,COMPLETED
2020,6,11,B-,ACCEPTED,92,19,COMPLETED
2020,6,14,A-,ACCEPTED,14,20,COMPLETED
2020,6,9,C,ACCEPTED,18,21,COMPLETED
2020,6,10,A+,ACCEPTED,7,22,COMPLETED
2020,6,10,C+,ACCEPTED,16,23,COMPLETED
2020,6,9,A-,ACCEPTED,62,24,COMPLETED
2020,6,11,B+,ACCEPTED,79,25,COMPLETED
2020,12,8,D+,ACCEPTED,91,28,COMPLETED
2020,12,14,C+,ACCEPTED,38,29,COMPLETED
2020,12,17,B+,ACCEPTED,35,30,COMPLETED
2020,12,11,F,ACCEPTED,71,31,COMPLETED
2020,12,9,D,ACCEPTED,46,32,COMPLETED
2020,12,11,B+,ACCEPTED,101,33,COMPLETED
2020,12,16,D+,ACCEPTED,84,34,COMPLETED
2020,12,17,C+,ACCEPTED,23,35,COMPLETED
2020,12,11,F,ACCEPTED,40,36,COMPLETED
2020,12,14,B+,ACCEPTED,100,37,COMPLETED
2019,12,15,C,ACCEPTED,54,1,COMPLETED
2019,12,12,A-,ACCEPTED,66,2,COMPLETED
2019,12,8,C+,ACCEPTED,29,3,COMPLETED
2019,12,13,C+,ACCEPTED,19,4,COMPLETED
2019,12,8,B+,ACCEPTED,67,5,COMPLETED
2019,12,17,A-,ACCEPTED,50,6,COMPLETED
2019,12,9,C,ACCEPTED,62,7,COMPLETED
2019,12,16,A+,ACCEPTED,78,8,COMPLETED
2019,12,10,B+,ACCEPTED,88,9,COMPLETED
2019,12,14,A+,ACCEPTED,24,10,COMPLETED
2019,12,17,B+,ACCEPTED,67,12,COMPLETED
2019,12,17,C+,ACCEPTED,19,13,COMPLETED
2020,6,13,F,ACCEPTED,97,14,COMPLETED
2020,6,12,B-,ACCEPTED,97,16,COMPLETED
2020,6,15,A-,ACCEPTED,14,17,COMPLETED
2020,6,7,A,ACCEPTED,75,18,COMPLETED
2020,6,8,B+,ACCEPTED,17,19,COMPLETED
2020,6,6,A+,ACCEPTED,59,20,COMPLETED
2020,6,15,D,ACCEPTED,42,21,COMPLETED
2020,6,8,B+,ACCEPTED,6,22,COMPLETED
2020,6,6,B-,ACCEPTED,25,23,COMPLETED
2020,6,15,F,ACCEPTED,44,24,COMPLETED
2020,6,6,C,ACCEPTED,67,25,COMPLETED
2020,6,7,B+,ACCEPTED,56,26,COMPLETED
2020,12,7,B+,ACCEPTED,49,28,COMPLETED
2020,12,11,B+,ACCEPTED,54,29,COMPLETED
2020,12,9,C+,ACCEPTED,99,30,COMPLETED
2020,12,16,C+,ACCEPTED,89,31,COMPLETED
2020,12,12,A+,ACCEPTED,16,32,COMPLETED
2020,12,9,B-,ACCEPTED,15,33,COMPLETED
2020,12,12,A-,ACCEPTED,32,34,COMPLETED
2020,12,15,D+,ACCEPTED,22,35,COMPLETED
2020,12,9,A,ACCEPTED,96,36,COMPLETED
2020,12,8,B+,ACCEPTED,44,37,COMPLETED
2020,12,12,B+,ACCEPTED,67,38,COMPLETED
2020,12,16,C+,ACCEPTED,40,39,COMPLETED
2019,12,16,A-,ACCEPTED,39,1,COMPLETED
2019,12,8,A,ACCEPTED,52,3,COMPLETED
2019,12,12,D,ACCEPTED,97,4,COMPLETED
2019,12,12,A,ACCEPTED,23,5,COMPLETED
2019,12,16,A,ACCEPTED,43,6,COMPLETED
2019,12,14,D+,ACCEPTED,63,7,COMPLETED
2019,12,10,B-,ACCEPTED,4,8,COMPLETED
2019,12,16,C+,ACCEPTED,81,10,COMPLETED
2019,12,12,B-,ACCEPTED,82,11,COMPLETED
2019,12,14,C+,ACCEPTED,69,12,COMPLETED
2019,12,14,B-,ACCEPTED,80,13,COMPLETED
2020,6,12,A-,ACCEPTED,70,14,COMPLETED
2020,6,9,D,ACCEPTED,25,15,COMPLETED
2020,6,14,B+,ACCEPTED,51,16,COMPLETED
2020,6,6,F,ACCEPTED,46,17,COMPLETED
2020,6,8,D,ACCEPTED,25,18,COMPLETED
2020,6,14,A-,ACCEPTED,81,19,COMPLETED
2020,6,9,B+,ACCEPTED,6,20,COMPLETED
2020,6,15,D+,ACCEPTED,55,21,COMPLETED
2020,6,14,B-,ACCEPTED,24,22,COMPLETED
2020,6,15,D+,ACCEPTED,42,23,COMPLETED
2020,6,15,C+,ACCEPTED,90,26,COMPLETED
2020,12,13,B-,ACCEPTED,84,27,COMPLETED
2020,12,15,A,ACCEPTED,55,28,COMPLETED
2020,12,14,B+,ACCEPTED,41,29,COMPLETED
2020,12,8,B-,ACCEPTED,28,32,COMPLETED
2020,12,15,C,ACCEPTED,84,33,COMPLETED
2020,12,13,B+,ACCEPTED,76,34,COMPLETED
2020,12,14,B+,ACCEPTED,12,36,COMPLETED
2020,12,7,A-,ACCEPTED,4,37,COMPLETED
2020,12,14,C+,ACCEPTED,16,38,COMPLETED
2020,12,17,A,ACCEPTED,15,39,COMPLETED
2019,12,9,A,ACCEPTED,95,1,COMPLETED
2019,12,12,B+,ACCEPTED,96,2,COMPLETED
2019,12,14,D+,ACCEPTED,19,3,COMPLETED
2019,12,17,F,ACCEPTED,42,4,COMPLETED
2019,12,10,C+,ACCEPTED,7,5,COMPLETED
2019,12,14,F,ACCEPTED,44,6,COMPLETED
2019,12,15,A-,ACCEPTED,53,7,COMPLETED
2019,12,14,B+,ACCEPTED,58,8,COMPLETED
2019,12,17,B+,ACCEPTED,9,10,COMPLETED
2019,12,15,B-,ACCEPTED,68,11,COMPLETED
2019,12,14,D,ACCEPTED,71,12,COMPLETED
2019,12,15,B+,ACCEPTED,91,13,COMPLETED
2020,6,12,C,ACCEPTED,99,14,COMPLETED
2020,6,16,D+,ACCEPTED,5,15,COMPLETED
2020,6,9,D,ACCEPTED,79,16,COMPLETED
2020,6,9,A-,ACCEPTED,98,17,COMPLETED
2020,6,7,D+,ACCEPTED,32,18,COMPLETED
2020,6,16,B-,ACCEPTED,67,19,COMPLETED
2020,6,13,C,ACCEPTED,93,20,COMPLETED
2020,6,9,B+,ACCEPTED,30,21,COMPLETED
2020,6,15,B+,ACCEPTED,100,22,COMPLETED
2020,6,10,B-,ACCEPTED,56,23,COMPLETED
2020,6,6,B+,ACCEPTED,56,24,COMPLETED
2020,6,8,C,ACCEPTED,10,26,COMPLETED
2020,12,7,B+,ACCEPTED,9,27,COMPLETED
2020,12,11,D,ACCEPTED,6,28,COMPLETED
2020,12,14,B+,ACCEPTED,9,29,COMPLETED
2020,12,8,B+,ACCEPTED,84,30,COMPLETED
2020,12,17,F,ACCEPTED,94,31,COMPLETED
2020,12,13,B+,ACCEPTED,69,33,COMPLETED
2020,12,13,A+,ACCEPTED,99,34,COMPLETED
2020,12,14,B-,ACCEPTED,31,35,COMPLETED
2020,12,7,B-,ACCEPTED,25,36,COMPLETED
2020,12,14,A+,ACCEPTED,80,37,COMPLETED
2020,12,14,B-,ACCEPTED,43,38,COMPLETED
2020,12,15,C+,ACCEPTED,90,39,COMPLETED
2019,12,11,C+,ACCEPTED,72,1,COMPLETED
2019,12,9,B+,ACCEPTED,23,2,COMPLETED
2019,12,9,B-,ACCEPTED,47,4,COMPLETED
2019,12,8,D+,ACCEPTED,73,5,COMPLETED
2019,12,12,C+,ACCEPTED,72,7,COMPLETED
2019,12,14,D+,ACCEPTED,33,9,COMPLETED
2019,12,11,D+,ACCEPTED,101,10,COMPLETED
2019,12,9,F,ACCEPTED,88,13,COMPLETED
2020,6,7,A-,ACCEPTED,97,15,COMPLETED
2020,6,12,F,ACCEPTED,89,16,COMPLETED
2020,6,14,C,ACCEPTED,48,17,COMPLETED
2020,6,12,A,ACCEPTED,57,18,COMPLETED
2020,6,7,B+,ACCEPTED,14,19,COMPLETED
2020,6,9,C,ACCEPTED,66,20,COMPLETED
2020,6,13,A,ACCEPTED,70,21,COMPLETED
2020,6,9,A-,ACCEPTED,95,22,COMPLETED
2020,6,16,A-,ACCEPTED,8,23,COMPLETED
2020,6,15,B-,ACCEPTED,16,24,COMPLETED
2020,6,15,A,ACCEPTED,58,26,COMPLETED
2020,12,16,C+,ACCEPTED,68,27,COMPLETED
2020,12,8,A,ACCEPTED,19,28,COMPLETED
2020,12,14,A+,ACCEPTED,95,29,COMPLETED
2020,12,12,D,ACCEPTED,25,30,COMPLETED
2020,12,10,A,ACCEPTED,39,31,COMPLETED
2020,12,15,C+,ACCEPTED,53,32,COMPLETED
2020,12,8,C,ACCEPTED,65,33,COMPLETED
2020,12,7,A+,ACCEPTED,6,34,COMPLETED
2020,12,15,B+,ACCEPTED,101,36,COMPLETED
2020,12,8,D,ACCEPTED,88,37,COMPLETED
2020,12,17,B-,ACCEPTED,36,38,COMPLETED
2020,12,14,F,ACCEPTED,10,39,COMPLETED
2019,12,9,B+,ACCEPTED,22,1,COMPLETED
2019,12,7,D,ACCEPTED,82,2,COMPLETED
2019,12,11,A+,ACCEPTED,15,4,COMPLETED
2019,12,12,A+,ACCEPTED,99,5,COMPLETED
2019,12,10,B+,ACCEPTED,82,6,COMPLETED
2019,12,7,D+,ACCEPTED,20,7,COMPLETED
2019,12,12,F,ACCEPTED,92,8,COMPLETED
2019,12,15,B+,ACCEPTED,76,9,COMPLETED
2019,12,14,B+,ACCEPTED,42,10,COMPLETED
2019,12,11,A,ACCEPTED,16,12,COMPLETED
2019,12,14,B+,ACCEPTED,41,13,COMPLETED
2020,6,11,A+,ACCEPTED,71,15,COMPLETED
2020,6,6,B+,ACCEPTED,28,16,COMPLETED
2020,6,15,C,ACCEPTED,96,17,COMPLETED
2020,6,10,F,ACCEPTED,101,18,COMPLETED
2020,6,14,C,ACCEPTED,64,19,COMPLETED
2020,6,15,B+,ACCEPTED,45,20,COMPLETED
2020,6,13,C+,ACCEPTED,79,21,COMPLETED
2020,6,11,A-,ACCEPTED,97,22,COMPLETED
2020,6,14,A-,ACCEPTED,60,23,COMPLETED
2020,6,7,D,ACCEPTED,27,24,COMPLETED
2020,6,8,A-,ACCEPTED,21,25,COMPLETED
2020,6,8,C,ACCEPTED,34,26,COMPLETED
2020,12,16,B+,ACCEPTED,72,27,COMPLETED
2020,12,16,B-,ACCEPTED,38,28,COMPLETED
2020,12,7,C,ACCEPTED,66,29,COMPLETED
2020,12,17,B+,ACCEPTED,21,30,COMPLETED
2020,12,15,A,ACCEPTED,90,32,COMPLETED
2020,12,10,B-,ACCEPTED,82,33,COMPLETED
2020,12,16,D+,ACCEPTED,41,34,COMPLETED
2020,12,10,D+,ACCEPTED,89,35,COMPLETED
2020,12,13,C+,ACCEPTED,52,36,COMPLETED
2020,12,17,B-,ACCEPTED,32,38,COMPLETED
2020,12,13,B+,ACCEPTED,60,39,COMPLETED
2019,12,13,D,ACCEPTED,38,2,COMPLETED
2019,12,8,B+,ACCEPTED,45,3,COMPLETED
2019,12,17,C,ACCEPTED,50,4,COMPLETED
2019,12,17,A-,ACCEPTED,42,5,COMPLETED
2019,12,8,A-,ACCEPTED,40,6,COMPLETED
2019,12,12,A,ACCEPTED,75,7,COMPLETED
2019,12,12,C,ACCEPTED,30,8,COMPLETED
2019,12,8,B+,ACCEPTED,14,9,COMPLETED
2019,12,17,C+,ACCEPTED,11,10,COMPLETED
2019,12,8,B+,ACCEPTED,53,11,COMPLETED
2019,12,12,A+,ACCEPTED,17,12,COMPLETED
2019,12,8,B-,ACCEPTED,59,13,COMPLETED
2020,6,11,C,ACCEPTED,80,14,COMPLETED
2020,6,16,F,ACCEPTED,41,15,COMPLETED
2020,6,12,A,ACCEPTED,42,16,COMPLETED
2020,6,10,D+,ACCEPTED,28,17,COMPLETED
2020,6,8,B-,ACCEPTED,70,18,COMPLETED
2020,6,8,A-,ACCEPTED,93,19,COMPLETED
2020,6,16,B+,ACCEPTED,24,20,COMPLETED
2020,6,8,B-,ACCEPTED,54,21,COMPLETED
2020,6,10,B-,ACCEPTED,20,22,COMPLETED
2020,6,14,A+,ACCEPTED,61,23,COMPLETED
2020,6,12,F,ACCEPTED,82,24,COMPLETED
2020,6,11,A,ACCEPTED,64,25,COMPLETED
2020,6,9,A,ACCEPTED,9,26,COMPLETED
2020,12,13,D,ACCEPTED,25,27,COMPLETED
2020,12,14,D+,ACCEPTED,24,28,COMPLETED
2020,12,14,B-,ACCEPTED,25,29,COMPLETED
2020,12,17,A,ACCEPTED,77,30,COMPLETED
2020,12,9,D,ACCEPTED,88,31,COMPLETED
2020,12,12,D+,ACCEPTED,30,32,COMPLETED
2020,12,11,A-,ACCEPTED,77,33,COMPLETED
2020,12,7,B+,ACCEPTED,16,34,COMPLETED
2020,12,15,C,ACCEPTED,73,35,COMPLETED
2020,12,12,C,ACCEPTED,5,36,COMPLETED
2020,12,8,D,ACCEPTED,59,38,COMPLETED
2020,12,9,C+,ACCEPTED,82,39,COMPLETED
2019,12,8,D,ACCEPTED,21,1,COMPLETED
2019,12,12,B+,ACCEPTED,26,2,COMPLETED
2019,12,8,A,ACCEPTED,76,3,COMPLETED
2019,12,11,F,ACCEPTED,33,4,COMPLETED
2019,12,13,B-,ACCEPTED,33,5,COMPLETED
2019,12,7,D,ACCEPTED,45,6,COMPLETED
2019,12,8,A+,ACCEPTED,4,7,COMPLETED
2019,12,13,A,ACCEPTED,32,8,COMPLETED
2019,12,14,D,ACCEPTED,84,9,COMPLETED
2019,12,9,A,ACCEPTED,6,10,COMPLETED
2019,12,17,D,ACCEPTED,49,12,COMPLETED
2020,6,8,F,ACCEPTED,16,14,COMPLETED
2020,6,15,B+,ACCEPTED,38,15,COMPLETED
2020,6,12,B-,ACCEPTED,14,18,COMPLETED
2020,6,11,B+,ACCEPTED,77,20,COMPLETED
2020,6,11,A,ACCEPTED,93,21,COMPLETED
2020,6,8,B-,ACCEPTED,21,22,COMPLETED
2020,6,15,B-,ACCEPTED,75,23,COMPLETED
2020,6,8,A+,ACCEPTED,45,24,COMPLETED
2020,6,6,A-,ACCEPTED,30,25,COMPLETED
2020,6,11,B+,ACCEPTED,4,26,COMPLETED
2020,12,14,A-,ACCEPTED,82,28,COMPLETED
2020,12,8,A+,ACCEPTED,87,29,COMPLETED
2020,12,12,D+,ACCEPTED,80,30,COMPLETED
2020,12,9,F,ACCEPTED,18,31,COMPLETED
2020,12,12,B+,ACCEPTED,57,32,COMPLETED
2020,12,7,F,ACCEPTED,74,33,COMPLETED
2020,12,8,B+,ACCEPTED,96,34,COMPLETED
2020,12,12,B-,ACCEPTED,76,35,COMPLETED
2020,12,11,C+,ACCEPTED,61,36,COMPLETED
2020,12,10,B+,ACCEPTED,96,37,COMPLETED
2020,12,14,C,ACCEPTED,57,38,COMPLETED
2019,12,15,F,ACCEPTED,67,3,COMPLETED
2019,12,11,F,ACCEPTED,64,4,COMPLETED
2019,12,15,D,ACCEPTED,58,5,COMPLETED
2019,12,13,A+,ACCEPTED,30,6,COMPLETED
2019,12,16,C,ACCEPTED,69,7,COMPLETED
2019,12,16,A+,ACCEPTED,7,8,COMPLETED
2019,12,15,A,ACCEPTED,80,9,COMPLETED
2019,12,17,A+,ACCEPTED,72,10,COMPLETED
2019,12,14,D,ACCEPTED,99,11,COMPLETED
2019,12,10,B+,ACCEPTED,101,13,COMPLETED
2020,6,7,B+,ACCEPTED,75,14,COMPLETED
2020,6,7,C,ACCEPTED,18,15,COMPLETED
2020,6,11,D,ACCEPTED,75,16,COMPLETED
2020,6,8,A-,ACCEPTED,45,17,COMPLETED
2020,6,15,A-,ACCEPTED,51,18,COMPLETED
2020,6,12,B-,ACCEPTED,85,19,COMPLETED
2020,6,6,B-,ACCEPTED,101,20,COMPLETED
2020,6,14,B+,ACCEPTED,75,21,COMPLETED
2020,6,13,C,ACCEPTED,37,23,COMPLETED
2020,6,7,A,ACCEPTED,96,24,COMPLETED
2020,6,9,B-,ACCEPTED,50,25,COMPLETED
2020,6,15,A-,ACCEPTED,79,26,COMPLETED
2020,12,11,B-,ACCEPTED,91,27,COMPLETED
2020,12,15,F,ACCEPTED,26,28,COMPLETED
2020,12,13,C+,ACCEPTED,36,29,COMPLETED
2020,12,7,A-,ACCEPTED,65,30,COMPLETED
2020,12,15,D,ACCEPTED,6,31,COMPLETED
2020,12,15,B+,ACCEPTED,39,32,COMPLETED
2020,12,16,D,ACCEPTED,64,33,COMPLETED
2020,12,9,D,ACCEPTED,78,34,COMPLETED
2020,12,8,A,ACCEPTED,63,35,COMPLETED
2020,12,7,A,ACCEPTED,43,36,COMPLETED
2020,12,12,B-,ACCEPTED,47,37,COMPLETED
2020,12,16,B-,ACCEPTED,25,38,COMPLETED
2020,12,8,A+,ACCEPTED,6,39,COMPLETED
2019,12,12,A,ACCEPTED,76,1,COMPLETED
2019,12,11,C,ACCEPTED,55,2,COMPLETED
2019,12,13,D,ACCEPTED,26,3,COMPLETED
2019,12,16,D,ACCEPTED,69,4,COMPLETED
2019,12,7,A+,ACCEPTED,26,5,COMPLETED
2019,12,15,D,ACCEPTED,75,6,COMPLETED
2019,12,14,C+,ACCEPTED,9,7,COMPLETED
2019,12,13,D,ACCEPTED,49,9,COMPLETED
2019,12,13,B-,ACCEPTED,66,13,COMPLETED
2020,6,7,C,ACCEPTED,91,14,COMPLETED
2020,6,15,D+,ACCEPTED,69,15,COMPLETED
2020,6,16,A,ACCEPTED,18,16,COMPLETED
2020,6,13,D+,ACCEPTED,33,18,COMPLETED
2020,6,15,D+,ACCEPTED,7,20,COMPLETED
2020,6,7,B+,ACCEPTED,24,21,COMPLETED
2020,6,10,F,ACCEPTED,29,22,COMPLETED
2020,6,13,A+,ACCEPTED,12,24,COMPLETED
2020,6,15,B-,ACCEPTED,61,25,COMPLETED
2020,6,14,F,ACCEPTED,43,26,COMPLETED
2020,12,10,A,ACCEPTED,8,27,COMPLETED
2020,12,8,B+,ACCEPTED,58,28,COMPLETED
2020,12,10,B+,ACCEPTED,97,29,COMPLETED
2020,12,13,A-,ACCEPTED,49,33,COMPLETED
2020,12,14,B+,ACCEPTED,44,34,COMPLETED
2020,12,16,F,ACCEPTED,34,35,COMPLETED
2020,12,11,A,ACCEPTED,6,36,COMPLETED
2020,12,12,B-,ACCEPTED,76,37,COMPLETED
2020,12,7,B+,ACCEPTED,86,38,COMPLETED
2020,12,15,A,ACCEPTED,31,39,COMPLETED
2019,12,14,C,ACCEPTED,46,1,COMPLETED
2019,12,10,D,ACCEPTED,42,2,COMPLETED
2019,12,10,D+,ACCEPTED,99,3,COMPLETED
2019,12,12,A-,ACCEPTED,18,5,COMPLETED
2019,12,8,D+,ACCEPTED,61,6,COMPLETED
2019,12,16,D,ACCEPTED,54,7,COMPLETED
2019,12,14,B-,ACCEPTED,24,9,COMPLETED
2019,12,10,D+,ACCEPTED,7,10,COMPLETED
2019,12,14,D+,ACCEPTED,43,11,COMPLETED
2019,12,16,A+,ACCEPTED,68,13,COMPLETED
2020,6,12,F,ACCEPTED,33,14,COMPLETED
2020,6,13,D+,ACCEPTED,16,15,COMPLETED
2020,6,14,F,ACCEPTED,77,16,COMPLETED
2020,6,11,F,ACCEPTED,44,17,COMPLETED
2020,6,8,B-,ACCEPTED,13,18,COMPLETED
2020,6,13,A,ACCEPTED,64,23,COMPLETED
2020,6,16,C+,ACCEPTED,61,24,COMPLETED
2020,6,11,F,ACCEPTED,91,25,COMPLETED
2020,6,11,B-,ACCEPTED,97,26,COMPLETED
2020,12,10,B-,ACCEPTED,53,28,COMPLETED
2020,12,12,D,ACCEPTED,101,29,COMPLETED
2020,12,13,D,ACCEPTED,60,30,COMPLETED
2020,12,15,A+,ACCEPTED,24,31,COMPLETED
2020,12,15,A,ACCEPTED,94,33,COMPLETED
2020,12,12,A-,ACCEPTED,33,34,COMPLETED
2020,12,12,D+,ACCEPTED,69,35,COMPLETED
2020,12,12,C,ACCEPTED,77,36,COMPLETED
2020,12,13,B+,ACCEPTED,91,37,COMPLETED
2020,12,7,B+,ACCEPTED,44,38,COMPLETED
2020,12,7,B-,ACCEPTED,18,39,COMPLETED
2021,6,2,,ACCEPTED,10,40,ONGOING
2021,6,5,,ACCEPTED,41,41,ONGOING
2021,6,10,,ACCEPTED,8,42,ONGOING
2021,5,31,,ACCEPTED,30,43,ONGOING
2021,6,7,,ACCEPTED,51,44,ONGOING
2021,5,31,,ACCEPTED,43,45,ONGOING
2021,6,1,,ACCEPTED,41,46,ONGOING
2021,6,8,,ACCEPTED,63,47,ONGOING
2021,6,5,,ACCEPTED,100,48,ONGOING
2021,5,31,,ACCEPTED,64,49,ONGOING
2021,6,5,,WITHDRAWN,39,50,ONGOING
2021,6,1,,ACCEPTED,63,51,ONGOING
2021,6,1,,ACCEPTED,12,52,ONGOING
2021,6,5,,ACCEPTED,37,40,ONGOING
2021,6,7,,EXPELLED,90,41,ONGOING
2021,6,6,,ACCEPTED,98,42,ONGOING
2021,6,9,,ACCEPTED,70,43,ONGOING
2021,5,31,,ACCEPTED,50,44,ONGOING
2021,6,8,,ACCEPTED,19,45,ONGOING
2021,6,9,,ACCEPTED,93,46,ONGOING
2021,6,2,,ACCEPTED,97,47,ONGOING
2021,6,10,,WITHDRAWN,78,48,ONGOING
2021,6,6,,ACCEPTED,21,49,ONGOING
2021,6,5,,ACCEPTED,74,50,ONGOING
2021,6,10,,ACCEPTED,37,51,ONGOING
2021,5,31,,ACCEPTED,47,52,ONGOING
2021,6,3,,ACCEPTED,55,40,ONGOING
2021,6,8,,ACCEPTED,66,41,ONGOING
2021,6,4,,ACCEPTED,80,42,ONGOING
2021,6,2,,ACCEPTED,35,43,ONGOING
2021,6,10,,ACCEPTED,46,44,ONGOING
2021,6,7,,ACCEPTED,34,45,ONGOING
2021,5,31,,WITHDRAWN,81,46,ONGOING
2021,6,6,,ACCEPTED,67,47,ONGOING
2021,6,1,,ACCEPTED,43,48,ONGOING
2021,6,9,,ACCEPTED,11,49,ONGOING
2021,6,4,,ACCEPTED,66,50,ONGOING
2021,5,31,,ACCEPTED,81,51,ONGOING
2021,6,8,,ACCEPTED,30,52,ONGOING
2021,6,5,,ACCEPTED,9,40,ONGOING
2021,6,6,,ACCEPTED,92,41,ONGOING
2021,6,8,,ACCEPTED,87,42,ONGOING
2021,6,10,,ACCEPTED,82,44,ONGOING
2021,5,31,,WITHDRAWN,63,45,ONGOING
2021,6,8,,ACCEPTED,27,46,ONGOING
2021,6,3,,ACCEPTED,37,47,ONGOING
2021,6,8,,ACCEPTED,60,48,ONGOING
2021,6,1,,ACCEPTED,86,49,ONGOING
2021,6,4,,ACCEPTED,5,50,ONGOING
2021,6,3,,ACCEPTED,39,51,ONGOING
2021,6,9,,ACCEPTED,9,52,ONGOING
2021,5,31,,ACCEPTED,28,40,ONGOING
2021,6,3,,WITHDRAWN,9,42,ONGOING
2021,6,6,,ACCEPTED,13,43,ONGOING
2021,6,5,,ACCEPTED,88,44,ONGOING
2021,6,5,,ACCEPTED,26,45,ONGOING
2021,6,6,,ACCEPTED,17,46,ONGOING
2021,6,3,,WITHDRAWN,6,47,ONGOING
2021,6,1,,ACCEPTED,86,48,ONGOING
2021,6,4,,ACCEPTED,18,50,ONGOING
2021,6,1,,ACCEPTED,83,51,ONGOING
2021,6,8,,ACCEPTED,49,52,ONGOING
2021,6,6,,ACCEPTED,30,40,ONGOING
2021,6,4,,ACCEPTED,63,41,ONGOING
2021,6,9,,ACCEPTED,62,42,ONGOING
2021,5,31,,ACCEPTED,33,43,ONGOING
2021,6,1,,ACCEPTED,49,44,ONGOING
2021,6,2,,ACCEPTED,84,45,ONGOING
2021,6,8,,WITHDRAWN,100,46,ONGOING
2021,6,9,,ACCEPTED,87,47,ONGOING
2021,6,8,,ACCEPTED,12,48,ONGOING
2021,6,5,,ACCEPTED,76,50,ONGOING
2021,6,9,,ACCEPTED,64,51,ONGOING
2021,6,6,,ACCEPTED,40,52,ONGOING
2021,6,5,,ACCEPTED,85,40,ONGOING
2021,6,9,,ACCEPTED,62,41,ONGOING
2021,6,7,,ACCEPTED,11,42,ONGOING
2021,5,31,,WITHDRAWN,24,43,ONGOING
2021,6,8,,ACCEPTED,101,44,ONGOING
2021,6,1,,ACCEPTED,97,45,ONGOING
2021,6,7,,ACCEPTED,34,46,ONGOING
2021,5,31,,ACCEPTED,4,47,ONGOING
2021,6,4,,ACCEPTED,18,48,ONGOING
2021,6,9,,ACCEPTED,22,50,ONGOING
2021,6,6,,ACCEPTED,41,51,ONGOING
2021,6,7,,ACCEPTED,88,52,ONGOING
2021,6,10,,ACCEPTED,48,40,ONGOING
2021,6,9,,ACCEPTED,70,41,ONGOING
2021,6,7,,WITHDRAWN,96,42,ONGOING
2021,6,6,,ACCEPTED,6,43,ONGOING
2021,6,7,,ACCEPTED,96,44,ONGOING
2021,5,31,,ACCEPTED,51,45,ONGOING
2021,6,9,,ACCEPTED,82,46,ONGOING
2021,6,4,,ACCEPTED,90,47,ONGOING
2021,6,9,,ACCEPTED,82,48,ONGOING
2021,6,2,,ACCEPTED,93,49,ONGOING
2021,6,1,,ACCEPTED,44,50,ONGOING
2021,6,4,,ACCEPTED,61,51,ONGOING
2021,6,8,,ACCEPTED,90,52,ONGOING
2021,6,10,,ACCEPTED,94,40,ONGOING
2021,6,5,,ACCEPTED,26,42,ONGOING
2021,6,10,,ACCEPTED,89,43,ONGOING
2021,6,1,,ACCEPTED,69,44,ONGOING
2021,6,10,,ACCEPTED,7,45,ONGOING
2021,5,31,,ACCEPTED,13,46,ONGOING
2021,6,5,,WITHDRAWN,46,48,ONGOING
2021,6,5,,ACCEPTED,22,49,ONGOING
2021,6,6,,ACCEPTED,85,50,ONGOING
2021,6,4,,ACCEPTED,29,51,ONGOING
2021,6,4,,ACCEPTED,80,52,ONGOING
2021,6,3,,ACCEPTED,26,40,ONGOING
2021,6,4,,ACCEPTED,73,41,ONGOING
2021,6,7,,ACCEPTED,45,42,ONGOING
2021,6,9,,ACCEPTED,19,43,ONGOING
2021,6,2,,ACCEPTED,75,44,ONGOING
2021,6,10,,ACCEPTED,96,45,ONGOING
2021,6,7,,ACCEPTED,64,46,ONGOING
2021,6,7,,ACCEPTED,99,47,ONGOING
2021,6,3,,ACCEPTED,59,48,ONGOING
2021,6,5,,ACCEPTED,28,50,ONGOING
2021,6,10,,ACCEPTED,99,51,ONGOING
2021,6,6,,ACCEPTED,26,52,ONGOING
2021,6,2,,ACCEPTED,8,40,ONGOING
2021,6,9,,ACCEPTED,9,41,ONGOING
2021,6,9,,ACCEPTED,77,43,ONGOING
2021,6,9,,ACCEPTED,87,44,ONGOING
2021,6,5,,WITHDRAWN,82,45,ONGOING
2021,6,10,,ACCEPTED,10,48,ONGOING
2021,6,7,,ACCEPTED,9,49,ONGOING
2021,6,8,,ACCEPTED,50,50,ONGOING
2021,5,31,,ACCEPTED,71,51,ONGOING
2021,6,1,,ACCEPTED,28,52,ONGOING
2021,6,3,,ACCEPTED,64,40,ONGOING
2021,5,31,,ACCEPTED,67,41,ONGOING
2021,6,9,,ACCEPTED,88,42,ONGOING
2021,6,7,,ACCEPTED,7,43,ONGOING
2021,6,4,,ACCEPTED,58,44,ONGOING
2021,6,8,,ACCEPTED,35,45,ONGOING
2021,6,10,,ACCEPTED,96,46,ONGOING
2021,6,6,,ACCEPTED,82,47,ONGOING
2021,6,10,,EXPELLED,77,48,ONGOING
2021,6,5,,ACCEPTED,29,50,ONGOING
2021,6,8,,ACCEPTED,7,51,ONGOING
2021,6,4,,ACCEPTED,86,52,ONGOING
2021,6,7,,ACCEPTED,12,41,ONGOING
2021,6,4,,ACCEPTED,65,42,ONGOING
2021,6,9,,ACCEPTED,5,43,ONGOING
2021,6,6,,EXPELLED,26,44,ONGOING
2021,6,5,,ACCEPTED,13,45,ONGOING
2021,6,6,,ACCEPTED,70,47,ONGOING
2021,5,31,,ACCEPTED,48,48,ONGOING
2021,5,31,,ACCEPTED,61,49,ONGOING
2021,6,3,,ACCEPTED,32,50,ONGOING
2021,6,10,,ACCEPTED,21,51,ONGOING
2021,6,10,,ACCEPTED,53,52,ONGOING
2021,6,1,,ACCEPTED,79,42,ONGOING
2021,6,9,,ACCEPTED,67,43,ONGOING
2021,6,10,,ACCEPTED,54,44,ONGOING
2021,6,3,,ACCEPTED,54,45,ONGOING
2021,6,10,,ACCEPTED,74,46,ONGOING
2021,6,10,,ACCEPTED,101,47,ONGOING
2021,6,1,,ACCEPTED,81,48,ONGOING
2021,5,31,,ACCEPTED,62,49,ONGOING
2021,6,8,,ACCEPTED,9,50,ONGOING
2021,6,6,,ACCEPTED,58,51,ONGOING
2021,6,8,,ACCEPTED,62,52,ONGOING
2021,6,1,,ACCEPTED,53,41,ONGOING
2021,6,5,,ACCEPTED,63,42,ONGOING
2021,6,1,,ACCEPTED,95,43,ONGOING
2021,6,9,,ACCEPTED,71,45,ONGOING
2021,6,8,,ACCEPTED,38,46,ONGOING
2021,6,3,,ACCEPTED,49,47,ONGOING
2021,6,4,,ACCEPTED,33,48,ONGOING
2021,5,31,,ACCEPTED,34,49,ONGOING
2021,6,2,,ACCEPTED,45,51,ONGOING
2021,5,31,,ACCEPTED,90,40,ONGOING
2021,6,6,,EXPELLED,94,41,ONGOING
2021,6,2,,ACCEPTED,37,43,ONGOING
2021,5,31,,ACCEPTED,90,44,ONGOING
2021,6,4,,ACCEPTED,65,45,ONGOING
2021,6,5,,ACCEPTED,14,46,ONGOING
2021,6,3,,ACCEPTED,48,47,ONGOING
2021,6,3,,ACCEPTED,60,49,ONGOING
2021,6,8,,ACCEPTED,43,50,ONGOING
2021,6,9,,EXPELLED,22,51,ONGOING
2021,6,4,,ACCEPTED,19,52,ONGOING
2021,6,6,,ACCEPTED,18,40,ONGOING
2021,6,4,,ACCEPTED,16,41,ONGOING
2021,6,4,,ACCEPTED,52,42,ONGOING
2021,6,7,,ACCEPTED,83,43,ONGOING
2021,6,5,,ACCEPTED,92,44,ONGOING
2021,6,9,,EXPELLED,39,45,ONGOING
2021,5,31,,ACCEPTED,12,46,ONGOING
2021,6,5,,ACCEPTED,89,47,ONGOING
2021,6,3,,ACCEPTED,52,48,ONGOING
2021,6,3,,ACCEPTED,79,49,ONGOING
2021,6,1,,ACCEPTED,71,50,ONGOING
2021,6,4,,ACCEPTED,11,51,ONGOING
2021,6,10,,ACCEPTED,91,52,ONGOING
2021,6,9,,ACCEPTED,66,40,ONGOING
2021,5,31,,EXPELLED,21,41,ONGOING
2021,5,31,,ACCEPTED,85,42,ONGOING
2021,6,4,,ACCEPTED,66,44,ONGOING
2021,6,8,,ACCEPTED,4,45,ONGOING
2021,6,3,,ACCEPTED,28,46,ONGOING
2021,6,5,,ACCEPTED,88,50,ONGOING
2021,6,1,,ACCEPTED,73,51,ONGOING
2021,6,10,,ACCEPTED,74,40,ONGOING
2021,6,5,,ACCEPTED,38,41,ONGOING
2021,6,7,,ACCEPTED,17,42,ONGOING
2021,6,10,,ACCEPTED,16,43,ONGOING
2021,6,10,,ACCEPTED,101,45,ONGOING
2021,6,8,,ACCEPTED,63,46,ONGOING
2021,6,6,,ACCEPTED,13,47,ONGOING
2021,5,31,,ACCEPTED,87,48,ONGOING
2021,6,4,,ACCEPTED,14,50,ONGOING
2021,6,8,,ACCEPTED,22,52,ONGOING
2021,6,7,,ACCEPTED,46,40,ONGOING
2021,6,4,,ACCEPTED,19,41,ONGOING
2021,6,5,,ACCEPTED,34,42,ONGOING
2021,6,8,,ACCEPTED,53,43,ONGOING
2021,5,31,,ACCEPTED,41,44,ONGOING
2021,6,10,,ACCEPTED,98,45,ONGOING
2021,6,9,,ACCEPTED,69,46,ONGOING
2021,6,2,,ACCEPTED,27,47,ONGOING
2021,6,8,,ACCEPTED,94,48,ONGOING
2021,6,7,,ACCEPTED,72,49,ONGOING
2021,6,4,,ACCEPTED,91,51,ONGOING
2021,6,7,,ACCEPTED,33,52,ONGOING
2021,6,3,,ACCEPTED,93,40,ONGOING
2021,6,7,,ACCEPTED,33,41,ONGOING
2021,6,2,,ACCEPTED,75,42,ONGOING
2021,6,6,,ACCEPTED,4,43,ONGOING
2021,6,6,,ACCEPTED,93,45,ONGOING
2021,6,10,,ACCEPTED,56,46,ONGOING
2021,6,6,,ACCEPTED,39,47,ONGOING
2021,6,6,,ACCEPTED,21,48,ONGOING
2021,6,1,,ACCEPTED,10,49,ONGOING
2021,6,5,,EXPELLED,99,50,ONGOING
2021,6,9,,ACCEPTED,16,51,ONGOING
2021,6,1,,ACCEPTED,39,52,ONGOING
2021,6,9,,ACCEPTED,54,41,ONGOING
2021,6,4,,ACCEPTED,94,42,ONGOING
2021,6,6,,ACCEPTED,67,44,ONGOING
2021,5,31,,ACCEPTED,62,45,ONGOING
2021,6,10,,ACCEPTED,86,47,ONGOING
2021,6,1,,EXPELLED,98,48,ONGOING
2021,5,31,,ACCEPTED,36,49,ONGOING
2021,6,2,,ACCEPTED,56,51,ONGOING
2021,6,5,,ACCEPTED,34,52,ONGOING
2021,6,6,,ACCEPTED,65,40,ONGOING
2021,6,4,,ACCEPTED,43,42,ONGOING
2021,6,5,,ACCEPTED,56,43,ONGOING
2021,6,7,,ACCEPTED,35,44,ONGOING
2021,6,8,,ACCEPTED,77,46,ONGOING
2021,5,31,,ACCEPTED,30,47,ONGOING
2021,6,10,,EXPELLED,98,50,ONGOING
2021,5,31,,ACCEPTED,93,51,ONGOING
2021,6,6,,ACCEPTED,16,40,ONGOING
2021,6,6,,ACCEPTED,58,41,ONGOING
2021,6,10,,ACCEPTED,81,42,ONGOING
2021,6,5,,ACCEPTED,76,43,ONGOING
2021,6,3,,ACCEPTED,47,44,ONGOING
2021,6,10,,ACCEPTED,21,45,ONGOING
2021,6,9,,ACCEPTED,78,46,ONGOING
2021,6,1,,ACCEPTED,32,48,ONGOING
2021,6,6,,ACCEPTED,18,49,ONGOING
2021,5,31,,ACCEPTED,83,50,ONGOING
2021,6,2,,ACCEPTED,95,51,ONGOING
2021,6,6,,ACCEPTED,46,52,ONGOING
2021,6,28,,ACCEPTED,69,53,UPCOMING
2021,6,24,,PENDING,12,54,UPCOMING
2021,6,25,,PENDING,56,55,UPCOMING
2021,6,21,,REJECTED,25,56,UPCOMING
2021,6,28,,PENDING,92,57,UPCOMING
2021,6,23,,ACCEPTED,79,58,UPCOMING
2021,6,19,,PENDING,7,59,UPCOMING
2021,6,25,,PENDING,73,60,UPCOMING
2021,6,28,,REJECTED,99,61,UPCOMING
2021,6,20,,ACCEPTED,93,62,UPCOMING
2021,6,20,,ACCEPTED,55,63,UPCOMING
2021,6,21,,ACCEPTED,86,64,UPCOMING
2021,6,18,,ACCEPTED,11,65,UPCOMING
2021,6,22,,ACCEPTED,69,66,UPCOMING
2021,6,19,,ACCEPTED,67,67,UPCOMING
2021,6,28,,ACCEPTED,95,68,UPCOMING
2021,6,21,,REJECTED,11,69,UPCOMING
2021,6,22,,ACCEPTED,60,70,UPCOMING
2021,6,28,,ACCEPTED,26,71,UPCOMING
2021,6,21,,ACCEPTED,5,72,UPCOMING
2021,6,20,,ACCEPTED,95,73,UPCOMING
2021,6,24,,ACCEPTED,69,74,UPCOMING
2021,6,28,,ACCEPTED,34,75,UPCOMING
2021,6,23,,ACCEPTED,99,76,UPCOMING
2021,6,23,,ACCEPTED,85,77,UPCOMING
2021,6,24,,REJECTED,75,78,UPCOMING
2021,6,28,,ACCEPTED,76,53,UPCOMING
2021,6,21,,ACCEPTED,52,54,UPCOMING
2021,6,22,,REJECTED,72,55,UPCOMING
2021,6,28,,ACCEPTED,5,56,UPCOMING
2021,6,25,,PENDING,30,57,UPCOMING
2021,6,20,,PENDING,63,58,UPCOMING
2021,6,20,,PENDING,28,59,UPCOMING
2021,6,28,,PENDING,7,60,UPCOMING
2021,6,25,,PENDING,68,61,UPCOMING
2021,6,21,,REJECTED,13,62,UPCOMING
2021,6,25,,PENDING,29,63,UPCOMING
2021,6,23,,PENDING,33,64,UPCOMING
2021,6,22,,PENDING,97,65,UPCOMING
2021,6,20,,PENDING,46,66,UPCOMING
2021,6,23,,REJECTED,54,67,UPCOMING
2021,6,20,,ACCEPTED,42,68,UPCOMING
2021,6,21,,PENDING,74,69,UPCOMING
2021,6,24,,REJECTED,78,70,UPCOMING
2021,6,23,,ACCEPTED,86,71,UPCOMING
2021,6,25,,ACCEPTED,40,72,UPCOMING
2021,6,24,,ACCEPTED,66,73,UPCOMING
2021,6,19,,ACCEPTED,62,74,UPCOMING
2021,6,24,,ACCEPTED,24,75,UPCOMING
2021,6,19,,ACCEPTED,65,76,UPCOMING
2021,6,20,,ACCEPTED,64,77,UPCOMING
2021,6,21,,ACCEPTED,72,78,UPCOMING
2021,6,19,,REJECTED,43,53,UPCOMING
2021,6,26,,ACCEPTED,46,54,UPCOMING
2021,6,22,,ACCEPTED,75,55,UPCOMING
2021,6,24,,ACCEPTED,16,56,UPCOMING
2021,6,25,,ACCEPTED,4,57,UPCOMING
2021,6,24,,ACCEPTED,59,58,UPCOMING
2021,6,27,,REJECTED,75,59,UPCOMING
2021,6,20,,ACCEPTED,89,60,UPCOMING
2021,6,25,,ACCEPTED,80,61,UPCOMING
2021,6,23,,ACCEPTED,77,62,UPCOMING
2021,6,19,,ACCEPTED,29,63,UPCOMING
2021,6,19,,ACCEPTED,78,64,UPCOMING
2021,6,24,,ACCEPTED,28,65,UPCOMING
2021,6,19,,ACCEPTED,25,66,UPCOMING
2021,6,18,,ACCEPTED,42,67,UPCOMING
2021,6,26,,PENDING,17,68,UPCOMING
2021,6,24,,REJECTED,49,69,UPCOMING
2021,6,22,,PENDING,69,70,UPCOMING
2021,6,26,,REJECTED,34,71,UPCOMING
2021,6,23,,PENDING,64,72,UPCOMING
2021,6,28,,ACCEPTED,95,73,UPCOMING
2021,6,23,,PENDING,54,74,UPCOMING
2021,6,18,,PENDING,90,75,UPCOMING
2021,6,18,,PENDING,20,76,UPCOMING
2021,6,26,,PENDING,70,77,UPCOMING
2021,6,19,,PENDING,28,78,UPCOMING
2021,6,24,,PENDING,34,53,UPCOMING
2021,6,26,,REJECTED,83,54,UPCOMING
2021,6,28,,PENDING,60,55,UPCOMING
2021,6,21,,REJECTED,17,56,UPCOMING
2021,6,20,,PENDING,41,57,UPCOMING
2021,6,21,,PENDING,87,58,UPCOMING
2021,6,20,,REJECTED,16,59,UPCOMING
2021,6,18,,PENDING,66,60,UPCOMING
2021,6,25,,PENDING,42,61,UPCOMING
2021,6,18,,REJECTED,87,62,UPCOMING
2021,6,28,,PENDING,6,63,UPCOMING
2021,6,21,,REJECTED,84,64,UPCOMING
2021,6,25,,PENDING,75,65,UPCOMING
2021,6,23,,PENDING,96,66,UPCOMING
2021,6,18,,PENDING,19,67,UPCOMING
2021,6,22,,PENDING,59,68,UPCOMING
2021,6,18,,PENDING,7,69,UPCOMING
2021,6,28,,PENDING,66,70,UPCOMING
2021,6,21,,PENDING,78,71,UPCOMING
2021,6,26,,PENDING,64,72,UPCOMING
2021,6,20,,REJECTED,88,73,UPCOMING
2021,6,20,,PENDING,87,74,UPCOMING
2021,6,20,,PENDING,88,75,UPCOMING
2021,6,22,,PENDING,89,76,UPCOMING
2021,6,18,,REJECTED,25,77,UPCOMING
2021,6,24,,PENDING,100,78,UPCOMING
2021,6,28,,PENDING,15,53,UPCOMING
2021,6,22,,PENDING,82,54,UPCOMING
2021,6,27,,PENDING,44,55,UPCOMING
2021,6,19,,PENDING,17,56,UPCOMING
2021,6,18,,PENDING,23,57,UPCOMING
2021,6,21,,REJECTED,84,58,UPCOMING
2021,6,20,,PENDING,55,59,UPCOMING
2021,6,28,,PENDING,50,60,UPCOMING
2021,6,27,,PENDING,17,61,UPCOMING
2021,6,23,,PENDING,11,62,UPCOMING
2021,6,20,,PENDING,23,63,UPCOMING
2021,6,26,,PENDING,17,64,UPCOMING
2021,6,22,,REJECTED,87,65,UPCOMING
2021,6,20,,PENDING,49,66,UPCOMING
2021,6,20,,PENDING,28,67,UPCOMING
2021,6,24,,PENDING,39,68,UPCOMING
2021,6,23,,PENDING,4,69,UPCOMING
2021,6,19,,REJECTED,90,70,UPCOMING
2021,6,26,,PENDING,53,71,UPCOMING
2021,6,23,,PENDING,100,72,UPCOMING
2021,6,20,,REJECTED,74,73,UPCOMING
2021,6,23,,PENDING,96,74,UPCOMING
2021,6,20,,PENDING,13,75,UPCOMING
2021,6,19,,PENDING,71,76,UPCOMING
2021,6,21,,PENDING,100,77,UPCOMING
2021,6,18,,REJECTED,90,78,UPCOMING
2021,6,24,,PENDING,32,53,UPCOMING
2021,6,18,,PENDING,17,54,UPCOMING
2021,6,24,,PENDING,30,55,UPCOMING
2021,6,22,,PENDING,47,56,UPCOMING
2021,6,28,,REJECTED,77,57,UPCOMING
2021,6,21,,PENDING,77,58,UPCOMING
2021,6,28,,PENDING,49,59,UPCOMING
2021,6,21,,REJECTED,8,60,UPCOMING
2021,6,28,,PENDING,66,61,UPCOMING
2021,6,18,,PENDING,43,62,UPCOMING
2021,6,18,,PENDING,85,63,UPCOMING
2021,6,20,,PENDING,71,64,UPCOMING
2021,6,24,,PENDING,36,65,UPCOMING
2021,6,20,,PENDING,99,66,UPCOMING
2021,6,25,,PENDING,64,67,UPCOMING
2021,6,21,,PENDING,65,68,UPCOMING
2021,6,24,,PENDING,82,69,UPCOMING
2021,6,26,,PENDING,61,70,UPCOMING
2021,6,20,,PENDING,20,71,UPCOMING
2021,6,18,,PENDING,77,72,UPCOMING
2021,6,21,,ACCEPTED,88,73,UPCOMING
2021,6,18,,REJECTED,10,74,UPCOMING
2021,6,26,,ACCEPTED,94,75,UPCOMING
2021,6,25,,ACCEPTED,100,76,UPCOMING
2021,6,26,,ACCEPTED,95,77,UPCOMING
2021,6,22,,REJECTED,82,78,UPCOMING
2021,6,25,,ACCEPTED,44,53,UPCOMING
2021,6,21,,ACCEPTED,47,54,UPCOMING
2021,6,20,,ACCEPTED,101,55,UPCOMING
2021,6,23,,ACCEPTED,65,56,UPCOMING
2021,6,26,,ACCEPTED,17,57,UPCOMING
2021,6,24,,ACCEPTED,67,58,UPCOMING
2021,6,28,,ACCEPTED,48,59,UPCOMING
2021,6,24,,REJECTED,23,60,UPCOMING
2021,6,26,,ACCEPTED,14,61,UPCOMING
2021,6,21,,ACCEPTED,77,62,UPCOMING
2021,6,26,,ACCEPTED,50,63,UPCOMING
2021,6,19,,REJECTED,39,64,UPCOMING
2021,6,27,,ACCEPTED,48,65,UPCOMING
2021,6,24,,ACCEPTED,22,66,UPCOMING
2021,6,27,,ACCEPTED,37,67,UPCOMING
2021,6,23,,REJECTED,84,68,UPCOMING
2021,6,26,,ACCEPTED,17,69,UPCOMING
2021,6,22,,ACCEPTED,50,70,UPCOMING
2021,6,18,,ACCEPTED,34,71,UPCOMING
2021,6,21,,PENDING,89,72,UPCOMING
2021,6,22,,PENDING,44,73,UPCOMING
2021,6,24,,REJECTED,86,74,UPCOMING
2021,6,27,,PENDING,37,75,UPCOMING
2021,6,23,,PENDING,77,76,UPCOMING
2021,6,19,,PENDING,59,77,UPCOMING
